[
  {
    "name": "百度网盘Cookie",
    "desc": "用于播放百度网盘视频",
    "value": ""
  },
  {
    "name": "UCCookie",
    "desc": "用于播放UC网盘视频",
    "value": ""
  },
  {
    "name": "UC_Token",
    "desc": "UC网盘 Open API Token（可选，优先使用）",
    "value": ""
  },
  {
    "name": "夸克Cookie",
    "desc": "用于播放Quark网盘视频",
    "value": ""
  },
  {
    "name": "转存文件夹名称",
    "desc": "在各网盘转存文件时使用的文件夹名称",
    "value": ""
  },
  {
    "name": "123网盘账号",
    "desc": "用于播放123网盘视频",
    "value": ""
  },
  {
    "name": "123网盘密码",
    "desc": "用于播放123网盘视频",
    "value": ""
  },
  {
    "name": "天翼网盘账号",
    "desc": "用于播放天翼网盘视频",
    "value": ""
  },
  {
    "name": "天翼网盘密码",
    "desc": "用于播放天翼网盘视频",
    "value": ""
  },
  {
    "name": "115Cookie",
    "desc": "用于播放115网盘视频",
    "value": ""
  },
  {
    "name": "PikPakToken",
    "desc": "用于存储登录信息,Bearer 开头",
    "value": ""
  },
  {
    "name": "采集解析地址",
    "desc": "内置两个，失效不要反馈。格式：名称1@地址1;名称2@地址2",
    "value": ""
  },
  {
    "name": "自定义弹幕解析接口",
    "desc": "格式 线路名称1@地址1|线路名称2@地址2",
    "value": ""
  },
  {
    "name": "自定义弹幕采集线路",
    "desc": "格式 线路名称1@地址1|线路名称2@地址2",
    "value": ""
  },
  {
    "name": "自定义弹幕剧集过滤",
    "desc": "过滤视频剧集关键词,用|分隔,填写禁用可关闭过滤功能",
    "value": ""
  },
  {
    "name": "豆儿弹幕API",
    "desc": "使用兼容弹弹Play协议的API 格式 线路名称1@地址1|线路名称2@地址2",
    "value": ""
  },
  {
    "name": "TG搜代理地址",
    "desc": "默认直接访问 https://t.me/s/ 有自己的代理服务填入即可，没有不用改动。",
    "value": ""
  },
  {
    "name": "TG搜API地址",
    "desc": "https://tgsou.252035.xyz",
    "value": ""
  },
  {
    "name": "bili_cookie",
    "desc": "bili_cookie 用于获取个性化推荐和高清视频",
    "value": ""
  },
  {
    "name": "Emby用户名",
    "desc": "登录用户名",
    "value": ""
  },
  {
    "name": "Emby密码",
    "desc": "登录密码",
    "value": ""
  }
]